title,price,rating,reviews,availability
MLB 13 The Show - Playstation 3 (Renewed),$17.72,Previous page of related Sponsored Products,,Only 5 left in stock - order soon.
NCAA Football 09 - Playstation 3,$38.99,4.5 out of 5 stars,206 ratings,Only 1 left in stock - order soon
NBA Street V3 - PlayStation 2,$117.95,4.4 out of 5 stars,198 ratings,Only 1 left in stock - order soon
Madden NFL 10 - PlayStation 2,$36.21,4.5 out of 5 stars,200 ratings,Only 1 left in stock - order soon
NBA 2K14 - PlayStation 4,$62.31,4.4 out of 5 stars,866 ratings,Only 2 left in stock - order soon
NCAA Football 11 - Playstation 3,$38.72,4.3 out of 5 stars,378 ratings,Only 4 left in stock - order soon
NBA Live 07 - PlayStation 2,$23.21,4.3 out of 5 stars,112 ratings,Only 1 left in stock - order soon
NASCAR Thunder 2003 - PlayStation 2,$48.31,4.3 out of 5 stars,85 ratings,Only 5 left in stock - order soon
Tiger Woods PGA Tour 10 - PlayStation 2,$29.99,3.8 out of 5 stars,91 ratings,
NBA Street - PlayStation 2,$49.99,4.3 out of 5 stars,410 ratings,
Madden NFL 25 - Playstation 3,$29.90,4.5 out of 5 stars,"1,249 ratings",Only 4 left in stock - order soon
WB Games Mortal Kombat Armageddon - Playstation 2,$39.79,4.7 out of 5 stars,953 ratings,Not Available
Nascar 09 - Playstation 3,$57.50,4.2 out of 5 stars,137 ratings,Only 1 left in stock - order soon
NBA Ballers - PlayStation 2,$52.20,4.5 out of 5 stars,121 ratings,Only 2 left in stock - order soon
NBA 2K3,$37.96,4.3 out of 5 stars,68 ratings,Only 1 left in stock - order soon
Madden NFL 08 - PlayStation 2,$21.20,4.3 out of 5 stars,312 ratings,Only 1 left in stock - order soon
